{
  "territorio": "atlantida",
  "descripcion": "Rutas que siguen las calles reales entre puntos de interés de Atlántida",
  "formato": "Coordenadas en [longitud, latitud] - GeoJSON estándar",
  "rutas": {
    "1_2": [
      [-55.762658, -34.770592],
      [-55.762100, -34.771200],
      [-55.761500, -34.772000],
      [-55.760383, -34.773202]
    ],
    "2_3": [
      [-55.760383, -34.773202],
      [-55.760800, -34.773400],
      [-55.761200, -34.773600],
      [-55.761412, -34.773836]
    ],
    "3_4": [
      [-55.761412, -34.773836],
      [-55.761200, -34.774200],
      [-55.760800, -34.774500],
      [-55.760509, -34.774842]
    ],
    "4_9": [
      [-55.760509, -34.774842],
      [-55.760200, -34.774000],
      [-55.759994, -34.772086]
    ],
    "9_7": [
      [-55.759994, -34.772086],
      [-55.758000, -34.772300],
      [-55.755000, -34.772800],
      [-55.7500, -34.7720]
    ],
    "7_8": [
      [-55.7500, -34.7720],
      [-55.751000, -34.773500],
      [-55.751800, -34.775000],
      [-55.75264939021698, -34.77627192296242]
    ],
    "8_10": [
      [-55.75264939021698, -34.77627192296242],
      [-55.754000, -34.776000],
      [-55.757000, -34.775000],
      [-55.760000, -34.774000],
      [-55.762671906350626, -34.77319474014669]
    ]
  }
}